City_ID,City,Lat,Lng,Max Temp,Humidity,Cloudiness,Wind Speed,Country,Date
0,tecozautla,20.5333,-99.6333,18.79,43,0,4.65,MX,1674692174
1,castro,-24.7911,-50.0119,19.61,70,2,3.41,BR,1674692175
2,pallasovka,50.05,46.8833,-7.94,63,5,1.52,RU,1674692176
3,waiouru,-39.4833,175.6667,21.35,44,84,0.79,NZ,1674692177
4,ushuaia,-54.8,-68.3,5.75,86,76,2.25,AR,1674692070
5,conceicao do araguaia,-8.2578,-49.2647,24.12,93,98,0.65,BR,1674692178
6,bredasdorp,-34.5322,20.0403,16.52,76,2,1.53,ZA,1674692178
7,cape town,-33.9258,18.4232,18.28,74,0,6.26,ZA,1674692179
8,busselton,-33.65,115.3333,19.67,57,0,3.65,AU,1674692180
9,hermanus,-34.4187,19.2345,16.0,75,57,3.71,ZA,1674692180
10,ferrandina,40.5012,16.4547,5.58,93,89,3.49,IT,1674692181
11,mataura,-46.1927,168.8643,24.88,31,75,2.18,NZ,1674692182
12,severo-kurilsk,50.6789,156.125,-3.4,89,100,6.46,RU,1674692182
13,vaini,-21.2,-175.2,27.09,94,75,4.12,TO,1674692183
14,nanortalik,60.1432,-45.2371,1.08,97,100,4.86,GL,1674692184
15,rikitea,-23.1203,-134.9692,26.33,77,100,7.18,PF,1674692185
16,hranice,49.548,17.7347,0.27,82,99,1.42,CZ,1674692185
17,luderitz,-26.6481,15.1594,17.62,65,0,8.64,NA,1674692186
18,ambon,-3.6954,128.1814,27.08,89,20,2.57,ID,1674692187
19,victor harbor,-35.5667,138.6167,20.38,76,65,0.45,AU,1674692188
20,bilma,18.6853,12.9164,21.43,13,4,2.9,NE,1674692188
21,atuona,-9.8,-139.0333,25.86,75,51,6.87,PF,1674692121
22,asau,46.4333,26.4,-3.49,95,80,0.68,RO,1674692189
23,upernavik,72.7868,-56.1549,-15.22,95,100,5.07,GL,1674692019
24,qaanaaq,77.484,-69.3632,-19.36,66,3,3.41,GL,1674692121
25,kaitangata,-46.2817,169.8464,21.39,55,93,2.74,NZ,1674692191
26,kapaa,22.0752,-159.319,26.18,75,40,8.75,US,1674692138
27,albany,42.6001,-73.9662,1.69,90,100,2.24,US,1674692192
28,puerto ayora,-0.7393,-90.3518,25.31,90,90,1.34,EC,1674692193
29,cukai,4.25,103.4167,23.97,90,100,3.67,MY,1674692194
30,east london,-33.0153,27.9116,20.05,89,79,5.88,ZA,1674692194
31,maragogi,-9.0122,-35.2225,26.08,74,5,5.54,BR,1674692195
32,carnarvon,-24.8667,113.6333,28.69,60,38,3.63,AU,1674692143
33,ilebo,-4.3167,20.5833,19.41,95,99,0.84,CD,1674692197
34,narsaq,60.9167,-46.05,0.12,99,100,3.58,GL,1674692197
35,san jose,37.3394,-121.895,19.38,38,0,9.77,US,1674691856
36,port alfred,-33.5906,26.891,19.54,91,56,0.45,ZA,1674692198
37,bitung,1.4451,125.1824,26.47,84,100,3.53,ID,1674692199
38,bluff,-46.6,168.3333,18.57,56,73,1.48,NZ,1674692199
39,talnakh,69.4865,88.3972,-19.89,95,100,7.54,RU,1674692200
40,zhangye,38.9342,100.4517,-14.7,70,58,0.58,CN,1674692201
41,tautira,-17.7333,-149.15,26.72,84,43,7.9,PF,1674692202
42,victoria,22.2855,114.1577,15.53,73,41,1.79,HK,1674692171
43,ponta do sol,32.6667,-17.1,16.35,50,11,5.03,PT,1674692204
44,whitehorse,60.7161,-135.0538,5.17,81,75,5.81,CA,1674692205
45,birzai,56.2,24.75,-1.59,93,52,4.32,LT,1674692206
46,berlevag,70.8578,29.0864,0.97,75,100,12.35,NO,1674692206
47,naliya,23.2667,68.8333,13.33,36,4,5.35,IN,1674692207
48,singkawang,0.9,109.0,24.04,93,98,0.62,ID,1674692208
49,campo gobierno,24.6536,-107.5411,25.39,35,100,3.09,MX,1674692208
50,sao filipe,14.8961,-24.4956,21.43,69,100,2.62,CV,1674692209
51,torbay,47.6666,-52.7314,-0.79,76,13,2.68,CA,1674692123
52,salalah,17.0151,54.0924,24.05,64,75,5.66,OM,1674692210
53,kenai,60.5544,-151.2583,4.05,92,20,5.66,US,1674692211
54,arraial do cabo,-22.9661,-42.0278,22.98,88,20,1.03,BR,1674692211
55,bosaso,11.2842,49.1816,23.18,69,35,1.76,SO,1674692212
56,camana,-16.6228,-72.7111,22.63,82,85,1.67,PE,1674692213
57,mahebourg,-20.4081,57.7,24.16,100,75,4.63,MU,1674692213
58,gombong,-7.6072,109.5142,24.57,90,100,0.33,ID,1674692214
59,los llanos de aridane,28.6585,-17.9182,14.86,75,100,10.28,ES,1674692214
60,cookeville,36.1628,-85.5016,4.45,84,100,0.89,US,1674692059
61,punta arenas,-53.15,-70.9167,9.06,53,75,7.72,CL,1674692215
62,chuy,-33.6971,-53.4616,22.94,75,91,4.29,UY,1674692216
63,milkovo,54.7167,158.6167,-2.26,82,100,16.87,RU,1674692217
64,pevek,69.7008,170.3133,-27.56,77,5,0.81,RU,1674692217
65,pangai,-19.8,-174.35,30.06,74,40,2.57,TO,1674692218
66,jamestown,42.097,-79.2353,2.77,73,100,4.12,US,1674692219
67,walvis bay,-22.9575,14.5053,16.16,82,20,2.9,NA,1674692220
68,predivinsk,57.0669,93.4378,-21.11,99,75,2.79,RU,1674692220
69,port hardy,50.6996,-127.4199,7.42,89,61,1.14,CA,1674692120
70,bacolod,10.6667,122.95,25.06,88,99,6.92,PH,1674692222
71,port elizabeth,-33.918,25.5701,19.62,90,40,3.6,ZA,1674692222
72,kahului,20.8947,-156.47,28.01,51,40,5.14,US,1674692223
73,verkhoyansk,67.5447,133.385,-37.84,92,100,0.74,RU,1674692224
74,yantal,56.8471,105.2542,-18.25,98,100,1.66,RU,1674692225
75,emba,48.8264,58.1442,-17.7,96,23,0.96,KZ,1674692226
76,cherskiy,68.75,161.3,-35.92,97,39,1.35,RU,1674692227
77,mandalgarh,25.2,75.1,8.44,50,0,2.65,IN,1674692228
78,laguna,38.421,-121.4238,21.16,36,0,8.23,US,1674692228
79,sabang,5.8933,95.3214,26.38,78,90,7.52,ID,1674692230
80,constitucion,-35.3333,-72.4167,14.61,72,0,7.52,CL,1674692231
81,acaponeta,22.4964,-105.3594,23.17,56,100,2.24,MX,1674692233
82,lompoc,34.6391,-120.4579,20.08,53,0,2.06,US,1674692235
83,ngunguru,-35.6167,174.5,20.2,74,92,7.68,NZ,1674692236
84,saskylakh,71.9167,114.0833,-33.66,97,86,4.16,RU,1674692237
85,tiksi,71.6872,128.8694,-35.76,97,100,2.05,RU,1674692238
86,novyy svit,47.8059,38.0211,-2.82,52,0,3.39,UA,1674692239
87,pachino,36.7186,15.0907,9.98,75,9,4.63,IT,1674692240
88,hobart,-42.8794,147.3294,18.48,49,75,6.69,AU,1674692227
89,le pradet,43.1066,6.0172,8.13,75,0,2.57,FR,1674692242
90,port keats,-14.25,129.55,27.29,81,100,1.81,AU,1674692186
91,potenza,40.6443,15.8086,4.4,87,100,0.45,IT,1674692243
92,shestakovo,56.4915,103.96,-16.95,98,100,1.84,RU,1674692244
93,kavaratti,10.5669,72.642,26.33,78,77,7.22,IN,1674692245
94,esperance,-33.8667,121.9,20.3,70,61,3.51,AU,1674692246
95,ngaoundere,7.3167,13.5833,19.54,21,45,1.65,CM,1674692247
96,saint-joseph,-21.3667,55.6167,23.21,87,100,2.91,RE,1674692249
97,kurchum,48.5722,83.6542,-26.11,97,79,0.81,KZ,1674692250
98,hilo,19.7297,-155.09,27.38,72,0,3.6,US,1674692131
99,chokurdakh,70.6333,147.9167,-36.19,100,61,0.75,RU,1674692251
100,new norfolk,-42.7826,147.0587,18.29,50,100,2.24,AU,1674692252
101,nouadhibou,20.931,-17.0347,18.99,59,87,7.2,MR,1674692252
102,tasiilaq,65.6145,-37.6368,-2.91,95,100,10.5,GL,1674692253
103,dikson,73.5069,80.5464,-17.19,93,100,10.09,RU,1674692254
104,longyearbyen,78.2186,15.6401,-9.09,62,75,8.75,SJ,1674692255
105,saint-philippe,-21.3585,55.7679,23.77,88,100,3.47,RE,1674692255
106,aksu,41.1231,80.2644,-12.54,84,94,1.94,CN,1674692256
107,revelstoke,50.9832,-118.2023,1.01,86,100,1.03,CA,1674692256
108,kavieng,-2.5744,150.7967,28.75,69,100,3.97,PG,1674692257
109,christchurch,-43.5333,172.6333,27.4,39,70,3.6,NZ,1674692105
110,muli,2.9167,73.5667,26.28,75,96,2.14,MV,1674692258
111,anadyr,64.75,177.4833,-28.62,68,51,8.0,RU,1674692259
112,thompson,55.7435,-97.8558,-20.91,77,75,2.06,CA,1674692119
113,glomfjord,66.8167,13.9667,-1.6,91,100,4.19,NO,1674692261
114,smoky lake,54.1169,-112.4686,0.4,80,83,1.54,CA,1674692261
115,olinda,-8.0089,-34.8553,26.85,69,40,2.57,BR,1674692201
116,ribeira grande,38.5167,-28.7,15.43,75,31,4.02,PT,1674692262
117,molina,-35.1167,-71.2833,26.85,32,0,3.6,CL,1674692263
118,praia da vitoria,38.7333,-27.0667,15.14,77,75,7.66,PT,1674692264
119,newport,51.5877,-2.9984,5.81,84,25,5.91,GB,1674692265
120,felipe carrillo puerto,19.5833,-88.05,25.55,76,53,3.21,MX,1674692173
121,tuatapere,-46.1333,167.6833,24.12,39,40,2.44,NZ,1674692268
122,pisco,-13.7,-76.2167,24.03,78,0,6.69,PE,1674692269
123,axim,4.8699,-2.2405,26.45,87,0,2.95,GH,1674692269
124,vieques,18.425,-65.8329,25.62,88,20,3.09,PR,1674692270
125,evensk,61.95,159.2333,-16.1,66,92,9.82,RU,1674692270
126,tuktoyaktuk,69.4541,-133.0374,-26.0,76,20,4.12,CA,1674692271
127,paamiut,61.994,-49.6678,-1.71,98,100,4.63,GL,1674692272
128,springbok,-29.6643,17.8865,17.59,39,0,1.42,ZA,1674692272
129,pimentel,-6.8367,-79.9342,25.16,61,40,8.23,PE,1674692273
130,russell,32.3502,-85.1999,12.6,66,75,4.63,US,1674692273
131,yellowknife,62.456,-114.3525,-15.71,85,75,7.2,CA,1674692274
132,fare,-16.7,-151.0167,27.54,76,11,8.77,PF,1674692274
133,kerema,-7.9631,145.7785,28.95,66,95,2.35,PG,1674692275
134,bambous virieux,-20.3428,57.7575,24.14,100,75,4.63,MU,1674692276
135,kang,-23.6752,22.7876,25.07,29,26,6.4,BW,1674692276
136,hobyo,5.3505,48.5268,24.46,66,5,8.75,SO,1674692277
137,mazatlan,23.2167,-106.4167,24.98,70,75,6.69,MX,1674692087
138,olafsvik,64.8945,-23.7142,4.74,86,100,11.99,IS,1674692278
139,yeppoon,-23.1333,150.7333,28.88,67,35,4.45,AU,1674692278
140,nuuk,64.1835,-51.7216,-4.53,92,100,5.19,GL,1674692279
141,cabo san lucas,22.8909,-109.9124,23.06,38,100,2.06,MX,1674692046
142,avarua,-21.2078,-159.775,28.03,78,40,4.12,CK,1674692122
143,awjilah,29.1081,21.2869,15.62,40,83,8.09,LY,1674692281
144,podosinovets,60.2776,47.0659,-1.61,94,100,6.63,RU,1674692282
145,roma,43.2128,-75.4557,2.83,91,100,6.17,US,1674692283
146,urumqi,43.801,87.6005,-22.47,92,1,1.0,CN,1674692284
147,itarema,-2.9248,-39.9167,25.03,82,89,3.24,BR,1674692285
148,dingle,10.9995,122.6711,24.09,91,99,4.25,PH,1674692286
149,wellington,-41.2866,174.7756,22.81,67,40,9.77,NZ,1674691699
150,honiara,-9.4333,159.95,29.69,68,96,1.42,SB,1674692122
151,nador,35.174,-2.9287,9.14,76,0,2.57,MA,1674692129
152,sistranda,63.7256,8.834,3.98,65,97,10.26,NO,1674692289
153,cayenne,4.9333,-52.3333,22.02,88,0,1.03,GF,1674692143
154,saint george,37.1041,-113.5841,9.68,32,0,7.72,US,1674692131
155,taoudenni,22.6783,-3.9836,19.74,13,97,3.77,ML,1674692292
156,abu samrah,35.3029,37.1841,8.34,72,3,1.82,SY,1674692294
157,bathsheba,13.2167,-59.5167,25.34,73,20,8.75,BB,1674692295
158,raudeberg,61.9875,5.1352,5.37,1,97,9.78,NO,1674692296
159,kutum,14.2,24.6667,15.6,18,61,2.77,SD,1674692297
160,werda,-25.2667,23.2833,25.66,34,64,3.77,BW,1674692298
161,dali,25.7,100.1833,4.53,64,32,2.38,CN,1674692299
162,hithadhoo,-0.6,73.0833,27.16,74,57,4.09,MV,1674692300
163,butaritari,3.0707,172.7902,27.31,78,86,9.12,KI,1674692301
164,port-gentil,-0.7193,8.7815,27.08,83,20,6.28,GA,1674692302
165,mongo,12.1844,18.693,24.73,14,100,1.76,TD,1674692303
166,bengkulu,-3.8004,102.2655,23.97,87,100,1.9,ID,1674692172
167,biak,-0.9131,122.8766,26.35,74,100,1.21,ID,1674692305
168,kalemie,-5.9475,29.1947,19.31,91,100,2.61,CD,1674692310
169,sungairaya,0.7,108.9,24.45,91,100,1.03,ID,1674692311
170,north battleford,52.7834,-108.2847,-3.95,86,100,3.6,CA,1674692313
171,abaetetuba,-1.7181,-48.8825,23.53,93,40,2.6,BR,1674692313
172,bluffton,32.2371,-80.8604,18.04,93,100,2.06,US,1674692178
173,college,64.8569,-147.8028,-13.39,77,100,0.0,US,1674692283
174,batagay,67.6333,134.6333,-37.83,92,100,0.9,RU,1674692315
175,inirida,3.8653,-67.9239,24.63,74,80,0.67,CO,1674692315
176,banda aceh,5.5577,95.3222,24.31,86,99,3.79,ID,1674692316
177,vanavara,60.34,102.2797,-27.35,99,100,1.66,RU,1674692317
178,hit,33.6416,42.8251,10.13,33,1,3.13,IQ,1674692232
179,vitoria da conquista,-14.8661,-40.8394,20.07,92,94,1.99,BR,1674692318
180,marck,50.949,1.9433,7.24,95,100,6.78,FR,1674692318
181,ola,59.5833,151.2833,-15.34,80,100,6.4,RU,1674692319
182,camacha,33.0833,-16.3333,13.68,58,40,7.72,PT,1674692320
183,pacifica,37.6138,-122.4869,19.78,60,0,6.17,US,1674692320
184,kourou,5.1552,-52.6478,22.03,83,43,1.86,GF,1674692321
185,bihariganj,25.7333,86.9833,15.18,67,1,1.6,IN,1674692322
186,georgetown,5.4112,100.3354,25.69,82,20,1.03,MY,1674692323
187,aksarka,66.5606,67.7975,-12.06,92,75,5.36,RU,1674692323
188,el limon,10.3059,-67.6321,24.62,79,78,2.48,VE,1674692324
189,xining,36.6167,101.7667,-8.93,25,100,1.44,CN,1674692324
190,bilibino,68.0546,166.4372,-29.73,75,71,2.18,RU,1674692325
191,faya,18.3851,42.4509,12.29,53,0,1.85,SA,1674692326
192,yulara,-25.2406,130.9889,33.39,17,73,7.26,AU,1674692326
193,lavrentiya,65.5833,-171.0,-25.46,90,92,4.69,RU,1674692327
194,caravelas,-17.7125,-39.2481,25.43,86,99,4.24,BR,1674692328
195,mehamn,71.0357,27.8492,0.95,86,75,11.32,NO,1674692329
196,vila velha,-20.3297,-40.2925,23.97,97,75,2.57,BR,1674692178
197,haines junction,60.7522,-137.5108,2.74,90,72,3.95,CA,1674692329
198,aklavik,68.2191,-135.0107,-21.0,84,100,3.6,CA,1674692330
199,bay-khaak,51.1667,94.5,-27.26,92,97,2.02,RU,1674692331
200,yeniseysk,58.4497,92.1703,-29.21,99,99,2.04,RU,1674692331
201,horodenka,48.6727,25.5016,-2.72,79,7,3.02,UA,1674692332
202,ovalle,-30.5983,-71.2003,24.88,47,0,1.72,CL,1674692333
203,hohhot,40.8106,111.6522,-14.84,66,0,4.0,CN,1674692333
204,toamasina,-18.1667,49.3833,24.0,94,75,0.0,MG,1674692334
205,khatanga,71.9667,102.5,-25.69,86,100,4.42,RU,1674692335
206,mtambile,-5.3833,39.7,26.22,82,75,5.86,TZ,1674692335
207,hornepayne,49.2138,-84.7705,-16.45,98,100,2.14,CA,1674692336
208,usinsk,65.9939,57.5281,-5.3,96,100,8.53,RU,1674692337
209,port hedland,-20.3167,118.5667,32.03,62,42,4.12,AU,1674692041
210,fortuna,40.5982,-124.1573,16.19,73,0,3.6,US,1674692338
211,maine-soroa,13.2114,12.0241,22.0,11,80,3.35,NE,1674692338
212,sudbury,46.49,-80.99,-4.41,96,100,4.92,CA,1674692280
213,izhma,65.0083,53.9113,0.43,98,100,5.28,RU,1674692339
214,jiupu,41.0667,122.95,-11.68,65,92,1.73,CN,1674692340
215,lukulu,-14.3707,23.242,18.28,97,100,2.34,ZM,1674692341
216,barra do garcas,-15.89,-52.2567,23.6,89,87,0.14,BR,1674692127
217,leh,34.1667,77.5833,-14.59,87,96,1.02,IN,1674692342
218,jacareacanga,-6.2222,-57.7528,22.97,98,97,1.09,BR,1674692208
219,namibe,-15.1961,12.1522,23.58,83,100,2.46,AO,1674692344
220,celendin,-6.8703,-78.1517,13.27,87,66,2.16,PE,1674692346
221,ostrovnoy,68.0531,39.5131,-5.9,93,98,8.31,RU,1674692346
222,diffa,13.3154,12.6113,22.47,12,76,3.57,NE,1674692348
223,zholymbet,51.7433,71.7122,-16.6,92,24,6.49,KZ,1674692348
224,langsa,4.4683,97.9683,22.66,95,100,1.13,ID,1674692325
225,galveston,29.3669,-94.9669,11.09,66,3,1.79,US,1674692350
226,paracuru,-3.41,-39.0306,24.5,79,46,2.73,BR,1674692351
227,bonthe,7.5264,-12.505,25.17,89,89,1.12,SL,1674692352
228,norman wells,65.282,-126.8329,-19.98,84,100,3.6,CA,1674692353
229,san rafael del sur,11.8485,-86.4384,29.54,56,54,6.76,NI,1674692354
230,kodiak,57.79,-152.4072,5.73,70,0,5.66,US,1674692356
231,waingapu,-9.6567,120.2641,27.26,75,98,0.46,ID,1674692357
232,souillac,-20.5167,57.5167,24.21,100,75,4.63,MU,1674692358
233,svetlyy,54.675,20.1347,-1.97,88,96,4.15,RU,1674692360
234,rio grande,-32.035,-52.0986,25.06,82,31,7.53,BR,1674692362
235,hasaki,35.7333,140.8333,1.27,32,4,4.88,JP,1674692198
236,grenville,12.1167,-61.6167,25.03,78,25,8.08,GD,1674692363
237,nikolskoye,59.7035,30.7861,2.94,97,100,4.71,RU,1674692364
238,mnogovershinnyy,53.9353,139.9242,-24.85,83,96,2.68,RU,1674692365
239,socorro,31.6546,-106.3033,11.56,20,0,5.14,US,1674692366
240,sausar,21.65,78.7833,19.13,45,31,1.11,IN,1674692367
241,tocopilla,-22.092,-70.1979,21.5,79,43,1.77,CL,1674691913
242,bethel,41.3712,-73.414,4.2,86,100,6.69,US,1674692114
243,bereda,43.2686,-7.5406,5.23,100,84,1.52,ES,1674692370
244,banjar,-8.19,114.9675,26.52,84,100,2.27,ID,1674692371
245,yangjiang,21.85,111.9667,12.42,57,100,2.82,CN,1674692371
246,bandarbeyla,9.4942,50.8122,24.06,66,32,7.01,SO,1674692372
247,pacific grove,36.6177,-121.9166,19.06,46,0,4.02,US,1674692100
248,kurduvadi,18.0833,75.4333,21.86,42,96,4.53,IN,1674692373
249,uige,-7.6087,15.0613,18.85,96,87,1.24,AO,1674692375
250,mar del plata,-38.0023,-57.5575,20.61,75,0,8.94,AR,1674692375
251,acapulco,16.8634,-99.8901,27.9,69,0,3.6,MX,1674692376
252,adrar,20.5022,-10.0711,19.12,12,94,4.73,MR,1674692376
253,brunico,46.7958,11.9364,-1.62,76,6,1.23,IT,1674692377
254,tecoanapa,16.5167,-98.75,27.14,62,2,3.39,MX,1674692378
255,ulladulla,-35.35,150.4667,28.09,36,7,1.63,AU,1674692379
256,tunja,5.5353,-73.3678,9.85,95,66,1.69,CO,1674692380
257,siyabuswa,-25.1132,29.0445,19.59,67,28,4.48,ZA,1674692381
258,sterling,39.0062,-77.4286,7.86,93,100,2.57,US,1674692382
259,kommunisticheskiy,61.6789,64.4819,-11.29,91,91,5.25,RU,1674692383
260,katherine,-14.4667,132.2667,30.18,66,100,0.51,AU,1674692383
261,kukes,42.0769,20.4219,3.7,98,100,2.35,AL,1674692384
262,gat,31.61,34.7642,12.44,78,0,1.71,IL,1674692384
263,margate,51.3813,1.3862,6.61,95,100,4.47,GB,1674692385
264,matale,7.4721,80.6234,18.52,96,98,1.31,LK,1674692386
265,mitsamiouli,-11.3847,43.2844,27.48,83,98,8.03,KM,1674692386
266,nhulunbuy,-12.2333,136.7667,29.34,79,100,2.57,AU,1674692387
267,xiuyan,40.2928,123.2744,-12.99,87,45,0.78,CN,1674692387
268,korla,41.7597,86.1469,-10.57,59,33,2.6,CN,1674692388
269,broome,42.2506,-75.833,2.79,88,100,5.81,US,1674692389
270,saint-pierre,-21.3393,55.4781,23.82,83,100,3.6,RE,1674692389
271,irbeyskoye,55.6428,95.4522,-21.62,97,56,2.22,RU,1674692390
272,pointe michel,15.25,-61.3833,25.15,74,44,6.51,DM,1674692391
273,lorengau,-2.0226,147.2712,27.83,80,99,3.52,PG,1674692392
274,cedar city,37.6775,-113.0619,-1.46,69,100,4.63,US,1674692222
275,marsh harbour,26.5412,-77.0636,23.97,82,5,5.48,BS,1674692393
276,kabompo,-13.5927,24.2008,17.45,97,100,3.22,ZM,1674692393
277,vilyuysk,63.7553,121.6247,-48.24,100,100,0.95,RU,1674692394
278,shahrud,36.4182,54.9763,-3.12,57,0,0.65,IR,1674692395
279,san jeronimo,-11.9472,-75.2829,12.83,75,97,2.43,PE,1674692396
280,bonavista,48.6499,-53.1147,-4.97,65,54,8.59,CA,1674692397
281,lander,42.833,-108.7307,-1.67,65,100,1.54,US,1674692162
282,sampit,-2.5333,112.95,23.55,97,100,1.88,ID,1674692398
283,yar-sale,66.8333,70.8333,-14.15,91,56,5.36,RU,1674692399
284,henties bay,-22.116,14.2845,17.76,83,65,3.19,NA,1674692400
285,concepcion del uruguay,-32.4825,-58.2372,29.99,53,100,4.1,AR,1674692401
286,sitka,57.0531,-135.33,6.94,93,100,5.66,US,1674692401
287,sechura,-5.5569,-80.8222,25.52,59,47,7.68,PE,1674692403
288,gushikawa,26.3544,127.8686,16.0,73,0,2.06,JP,1674692405
289,lagoa,39.05,-27.9833,14.54,73,11,8.45,PT,1674692406
290,shakawe,-18.3667,21.85,19.36,69,61,1.97,BW,1674692407
291,fukue,32.6881,128.8419,4.2,93,75,0.51,JP,1674692409
292,paris,48.8534,2.3488,0.99,90,100,1.03,FR,1674691800
293,darhan,49.4867,105.9228,-27.53,93,84,2.51,MN,1674692411
294,dourados,-22.2211,-54.8056,25.3,63,39,2.89,BR,1674692412
295,mecca,21.4267,39.8261,20.91,65,31,1.56,SA,1674692413
296,almunecar,36.7339,-3.6907,8.97,70,4,3.68,ES,1674692413
297,zarate,-34.0981,-59.0286,27.76,79,37,2.68,AR,1674692274
298,fort nelson,58.8053,-122.7002,-2.81,92,100,1.79,CA,1674692117
299,leningradskiy,69.3833,178.4167,-29.68,90,18,2.04,RU,1674692416
300,sao jose da coroa grande,-8.8978,-35.1478,26.09,74,3,5.54,BR,1674692418
301,arlit,18.7369,7.3853,23.22,13,20,2.79,NE,1674692419
302,airai,-8.9266,125.4092,19.97,70,96,0.65,TL,1674692420
303,keokuk,40.3973,-91.3849,0.61,93,100,6.73,US,1674692421
304,nurota,40.5614,65.6886,-5.2,75,10,1.61,UZ,1674692422
305,faanui,-16.4833,-151.75,27.58,76,36,7.21,PF,1674692423
306,andenes,69.3143,16.1194,0.99,75,100,7.2,NO,1674692424
307,coruripe,-10.1256,-36.1756,25.63,74,2,5.71,BR,1674692407
308,petrozavodsk,61.7849,34.3469,1.7,93,100,6.0,RU,1674692426
309,high level,58.5169,-117.136,-8.94,100,100,3.6,CA,1674692426
310,gravdal,68.1214,13.5031,1.44,68,100,9.62,NO,1674692427
311,ende,-8.8432,121.6623,27.8,77,93,0.94,ID,1674692428
312,bonfim,3.0833,-59.95,27.0,45,24,4.94,BR,1674692429
313,dalvik,65.9702,-18.5286,2.96,69,100,6.41,IS,1674692431
314,deputatskiy,69.3,139.9,-37.93,98,74,0.93,RU,1674692432
315,ezerelis,54.8833,23.6167,-1.81,82,92,3.48,LT,1674692433
316,charters towers,-20.1,146.2667,28.59,46,14,4.64,AU,1674692433
317,rafsanjan,30.4067,55.9939,1.29,53,64,0.88,IR,1674692434
318,isangel,-19.55,169.2667,32.06,62,20,2.06,VU,1674692435
319,ceres,37.5949,-120.9577,16.87,51,0,3.09,US,1674692306
320,kannod,22.6667,76.7333,17.64,59,96,3.42,IN,1674692436
321,egvekinot,66.3167,-179.1667,-24.62,73,0,8.86,RU,1674692436
322,codrington,-38.2667,141.9667,17.64,48,57,5.09,AU,1674692437
323,sobolevo,54.4299,31.8996,-2.92,75,96,3.83,RU,1674692438
324,fraga,41.5229,0.3489,1.4,82,6,1.52,ES,1674692438
325,upata,8.0086,-62.3989,21.22,94,63,1.67,VE,1674692439
326,vao,-22.6667,167.4833,26.73,80,1,2.46,NC,1674692440
327,ayan,56.45,138.1667,-23.79,69,66,2.97,RU,1674692440
328,skibbereen,51.55,-9.2667,5.06,87,45,3.12,IE,1674692441
329,nome,64.5011,-165.4064,-21.96,59,75,2.06,US,1674692442
330,klaksvik,62.2266,-6.589,2.51,69,100,8.06,FO,1674692442
331,puerto colombia,10.9878,-74.9547,26.05,81,32,10.91,CO,1674692443
332,flinders,-34.5833,150.8552,31.7,67,1,1.79,AU,1674692444
333,manono,-7.3,27.4167,18.79,97,100,1.02,CD,1674692444
334,kagalnik,47.0769,39.323,-0.71,50,0,4.74,RU,1674692445
335,tigil,57.8,158.6667,-3.97,65,100,14.5,RU,1674692446
336,lake cowichan,48.825,-124.0546,6.8,87,100,0.57,CA,1674692446
337,krasnogorsk,55.8225,37.3181,-2.81,86,75,7.0,RU,1674692154
338,keti bandar,24.1447,67.4497,13.77,24,28,5.26,PK,1674692448
339,te anau,-45.4167,167.7167,22.93,39,35,3.7,NZ,1674692448
340,sur,22.5667,59.5289,18.2,47,4,3.18,OM,1674692449
341,saint-georges,12.0564,-61.7485,24.82,78,20,5.14,GD,1674692450
342,tondano,1.3038,124.9112,22.05,88,100,1.03,ID,1674692450
343,kolokani,13.5728,-8.0339,25.36,24,62,2.7,ML,1674692451
344,katsuura,35.1333,140.3,2.8,34,21,0.71,JP,1674692451
345,harper,4.375,-7.7169,26.33,85,66,3.39,LR,1674692452
346,rorvik,64.8621,11.2373,2.99,75,20,4.63,NO,1674692453
347,kropotkin,45.4375,40.5756,-0.68,78,1,3.7,RU,1674692454
348,canto do buriti,-8.11,-42.9444,26.03,51,3,0.26,BR,1674692371
349,esmeraldas,-19.7625,-44.3139,23.58,93,37,1.69,BR,1674692456
350,puerto escondido,15.85,-97.0667,28.46,65,40,2.57,MX,1674692457
351,fairbanks,64.8378,-147.7164,-13.38,76,100,0.0,US,1674692335
352,miquelon,47.0975,-56.3814,-3.0,62,100,8.01,PM,1674692457
353,ancud,-41.8697,-73.8203,13.89,87,91,4.99,CL,1674692458
354,coquimbo,-29.9533,-71.3436,17.85,82,0,4.63,CL,1674692352
355,barrow,71.2906,-156.7887,-26.99,76,0,5.66,US,1674692326
356,niteroi,-22.8833,-43.1036,26.45,81,20,4.63,BR,1674692459
357,provideniya,64.3833,-173.3,-21.47,77,100,10.0,RU,1674692460
358,poum,-20.2333,164.0167,28.4,74,5,3.22,NC,1674692461
359,viedma,-40.8135,-62.9967,25.32,30,28,3.57,AR,1674692429
360,mount isa,-20.7333,139.5,31.87,48,42,2.06,AU,1674692464
361,cockburn town,21.4612,-71.1419,25.48,78,23,8.98,TC,1674692465
362,puerto suarez,-18.95,-57.8,24.87,84,81,1.21,BO,1674692466
363,baruun-urt,46.6806,113.2792,-25.8,91,12,3.27,MN,1674692468
364,rapid valley,44.0625,-103.1463,0.89,73,100,9.83,US,1674692303
365,namatanai,-3.6667,152.4333,29.25,64,94,3.26,PG,1674692470
366,colac,-38.3333,143.5833,18.98,45,49,3.55,AU,1674692471
367,porciuncula,-20.9628,-42.0408,21.32,96,62,1.08,BR,1674692472
368,muisne,0.6,-80.0333,25.23,83,86,3.39,EC,1674692473
369,ipilan,8.8431,117.9033,26.24,83,83,5.75,PH,1674692474
370,almaznyy,48.0448,40.045,-4.53,56,0,3.28,RU,1674692474
371,kimberley,-28.7323,24.7623,20.29,66,96,6.53,ZA,1674692476
372,ovre ardal,61.3167,7.8,0.19,98,100,1.66,NO,1674692476
373,hambantota,6.1241,81.1185,22.97,82,94,5.19,LK,1674692477
374,ghanzi,-21.5667,21.7833,25.98,29,49,5.16,BW,1674692478
375,lebu,-37.6167,-73.65,15.16,79,23,5.83,CL,1674692479
376,winona,43.9666,-91.7668,-1.08,92,100,5.14,US,1674692446
377,clyde river,70.4692,-68.5914,-24.87,70,100,6.69,CA,1674692480
378,pilibanga,29.4916,74.079,7.3,55,0,3.68,IN,1674692481
379,bridlington,54.0831,-0.1919,4.94,83,9,9.03,GB,1674692482
380,lingao,19.9103,109.6859,16.28,91,35,3.7,CN,1674692483
381,coihaique,-45.5752,-72.0662,10.97,76,40,2.06,CL,1674692485
382,pringsewu,-5.3582,104.9744,22.72,87,100,0.01,ID,1674692485
383,den helder,52.9599,4.7593,6.99,100,100,3.09,NL,1674692486
384,lazaro cardenas,17.9583,-102.2,26.45,59,0,3.87,MX,1674692487
385,teacapan,22.55,-105.75,22.03,68,99,4.39,MX,1674692488
386,sosnovo-ozerskoye,52.5249,111.5418,-25.25,93,100,3.23,RU,1674692489
387,buala,-8.145,159.5921,28.9,72,96,2.08,SB,1674692490
388,phan thiet,10.9333,108.1,23.0,66,92,1.34,VN,1674692290
389,riyadh,24.6877,46.7219,13.08,87,94,2.64,SA,1674691760
390,liverpool,53.4106,-2.9779,6.35,92,0,4.12,GB,1674692458
391,san patricio,28.017,-97.5169,16.05,45,0,2.41,US,1674692492
392,jundia,-8.9347,-35.5736,23.44,83,6,2.21,BR,1674692493
393,nuevo progreso,23.1667,-97.95,16.61,46,24,1.34,MX,1674692494
394,esso,55.9333,158.7,-6.02,89,100,18.96,RU,1674692494
395,vardo,70.3705,31.1107,1.89,62,63,11.13,NO,1674692495
396,dzaoudzi,-12.7887,45.2699,27.94,83,0,10.8,YT,1674692495
397,amnat charoen,15.9167,104.75,12.84,88,47,3.14,TH,1674692496
398,sarkand,45.41,79.9186,-12.9,65,1,2.93,KZ,1674692497
399,opuwo,-18.0607,13.84,21.08,70,98,1.57,NA,1674692497
400,quelimane,-17.8786,36.8883,25.97,89,75,4.12,MZ,1674692498
401,zemio,5.0314,25.1361,22.81,38,78,1.06,CF,1674692499
402,kuznetsk,53.1167,46.6004,-11.2,84,18,3.51,RU,1674692500
403,yelizovo,53.1873,158.3805,0.08,86,100,8.05,RU,1674692500
404,bundaberg,-24.85,152.35,29.56,65,62,0.89,AU,1674692501
405,rockingham,42.9668,-71.0995,1.42,90,100,3.15,US,1674692502
406,mount gambier,-37.8333,140.7667,19.01,42,31,3.64,AU,1674692503
407,ixtapa,20.7,-105.2,23.57,69,0,5.14,MX,1674692504
408,ratnagiri,16.9833,73.3,21.36,70,41,3.23,IN,1674692505
409,storforshei,66.4043,14.5233,-0.12,86,20,3.6,NO,1674692506
410,komsomolskiy,40.4272,71.7189,-8.6,86,60,3.09,UZ,1674692305
411,seymchan,62.8833,152.4333,-29.83,93,100,2.15,RU,1674692507
412,ilulissat,69.2167,-51.1,-3.99,80,100,1.54,GL,1674692507
413,hofn,64.2539,-15.2082,1.1,73,100,4.93,IS,1674692508
414,mombetsu,44.3525,143.3525,-7.99,49,20,9.26,JP,1674692509
415,zhigansk,66.7697,123.3711,-38.12,97,100,2.63,RU,1674692509
416,hakui,36.8833,136.7833,2.92,69,100,6.83,JP,1674692510
417,ust-kuyga,70.0167,135.6,-46.61,99,99,3.12,RU,1674692511
418,shingu,33.7333,135.9833,3.07,54,24,2.57,JP,1674692512
419,gizo,-8.103,156.8419,27.29,78,100,5.63,SB,1674692512
420,luba,3.4568,8.5547,26.94,82,11,3.24,GQ,1674692513
421,mazyr,52.0495,29.2456,-2.0,84,21,1.86,BY,1674692514
422,mogwase,-25.185,27.2665,19.81,65,52,6.81,ZA,1674692515
423,dire dawa,9.5931,41.8661,17.55,59,38,1.14,ET,1674692516
424,polunochnoye,60.8697,60.4153,-5.57,85,100,4.72,RU,1674692516
425,alofi,-19.0595,-169.9187,27.94,83,75,2.57,NU,1674692517
426,bubaque,11.2833,-15.8333,24.06,77,37,7.86,GW,1674692518
427,vestmanna,62.1564,-7.1664,1.51,87,75,4.63,FO,1674692518
428,pangkalanbuun,-2.6833,111.6167,23.07,99,100,0.47,ID,1674692519
429,ostersund,63.1792,14.6357,2.01,100,98,6.69,SE,1674692519
430,roald,62.5833,6.1333,6.06,72,100,8.47,NO,1674692520
431,mongoumba,3.6415,18.5936,23.85,31,89,1.5,CF,1674692521
432,lewiston,44.1003,-70.2148,-3.2,93,100,0.45,US,1674692522
433,puerto madryn,-42.7692,-65.0385,21.86,33,78,2.41,AR,1674692259
434,singaraja,-8.112,115.0882,27.04,78,100,1.9,ID,1674692524
435,vanderhoof,54.0166,-124.0198,3.14,94,100,2.18,CA,1674692525
436,samfya,-11.3649,29.5565,18.26,93,100,2.95,ZM,1674692353
437,furukawa,38.5717,140.9556,-1.14,62,47,5.68,JP,1674692527
438,seoul,37.5683,126.9778,-6.31,86,100,3.09,KR,1674692267
439,port blair,11.6667,92.75,26.02,83,40,1.03,IN,1674692528
440,gribanovskiy,51.4579,41.9764,-10.24,87,5,1.99,RU,1674692529
441,khash,28.2211,61.2158,-0.77,49,1,2.08,IR,1674692480
442,xiaoshi,41.2971,124.1209,-12.58,86,100,0.84,CN,1674692531
443,apollonia,36.9716,24.7231,8.77,73,100,4.58,GR,1674692532
444,ankpa,7.3706,7.6253,24.33,25,6,1.65,NG,1674692533
445,chicama,-7.8447,-79.1469,21.3,65,71,2.74,PE,1674692534
446,cairns,-16.9167,145.7667,31.73,72,75,4.12,AU,1674692384
447,sakakah,29.9697,40.2064,8.76,54,0,2.57,SA,1674692536
448,nicoya,10.1483,-85.452,26.32,74,85,2.57,CR,1674692536
449,kutoarjo,-7.7169,109.9128,24.3,92,100,0.81,ID,1674692537
450,altamira,-3.2033,-52.2064,22.42,98,81,1.05,BR,1674692539
451,tura,25.5198,90.2201,15.43,53,89,1.1,IN,1674692540
452,vestmannaeyjar,63.4427,-20.2734,6.35,73,100,8.33,IS,1674692541
453,san ramon,37.7799,-121.978,19.12,40,0,3.09,US,1674692303
454,juneau,58.3019,-134.4197,8.45,97,100,8.75,US,1674692317
455,maceio,-9.6658,-35.7353,23.69,88,20,2.06,BR,1674692428
456,dumas,35.8656,-101.9732,0.85,69,0,5.66,US,1674692545
457,solnechnyy,50.7214,136.6319,-22.62,93,100,0.81,RU,1674692546
458,whakatane,-37.9585,176.9854,23.82,72,80,3.13,NZ,1674692547
459,iranshahr,27.2025,60.6848,6.19,33,0,0.0,IR,1674692548
460,port macquarie,-31.4333,152.9167,29.38,60,5,2.64,AU,1674692275
461,labuhan,-6.8844,112.2051,25.33,86,100,3.27,ID,1674692550
462,tarnos,43.5417,-1.4628,4.23,93,100,1.54,FR,1674692551
463,cidreira,-30.1811,-50.2056,25.0,85,7,6.36,BR,1674692552
464,kailua,21.4022,-157.7394,27.99,58,40,4.63,US,1674692462
465,marjamaa,58.9039,24.4306,3.11,95,100,4.3,EE,1674692553
466,srednekolymsk,67.45,153.6833,-34.58,97,92,2.03,RU,1674692554
467,touros,-5.1989,-35.4608,26.02,74,3,4.66,BR,1674692555
468,tessalit,20.1986,1.0114,20.57,14,72,3.28,ML,1674692555
469,keshorai patan,25.3,75.9333,10.28,86,7,2.7,IN,1674692556
470,harlingen,26.1906,-97.6961,17.33,52,0,5.09,US,1674692552
471,muros,42.7762,-9.0603,8.24,76,12,4.99,ES,1674692557
472,hay river,60.8156,-115.7999,-12.01,85,75,4.63,CA,1674692459
473,shirdi,19.7667,74.4833,19.62,37,88,3.96,IN,1674692558
474,platon sanchez,21.2833,-98.3667,18.87,47,1,5.63,MX,1674692559
475,alta floresta,-9.8756,-56.0861,22.68,94,41,0.52,BR,1674692389
476,ikalamavony,-21.15,46.5833,19.8,92,100,3.15,MG,1674692560
477,cabedelo,-6.9811,-34.8339,26.37,72,0,5.05,BR,1674692561
478,xai-xai,-25.0519,33.6442,24.62,81,3,5.93,MZ,1674692562
479,quatre cocos,-20.2078,57.7625,24.06,95,100,5.87,MU,1674692563
480,general roca,-39.0333,-67.5833,29.28,10,4,4.57,AR,1674692563
481,mumbwa,-14.9783,27.0619,17.65,96,100,3.87,ZM,1674692353
482,roswell,34.0232,-84.3616,10.94,75,100,5.14,US,1674692505
483,buraydah,26.326,43.975,12.25,81,93,5.43,SA,1674692566
484,rawson,-43.3002,-65.1023,22.26,34,98,1.24,AR,1674692474
485,zaraza,9.3503,-65.3245,24.05,74,68,4.14,VE,1674692568
486,valtierrilla,20.5333,-101.1333,22.58,12,0,2.44,MX,1674692569
487,pochutla,15.7432,-96.4661,27.9,60,2,1.84,MX,1674692569
488,acarau,-2.8856,-40.12,25.09,83,88,3.57,BR,1674692570
489,gunjur,13.2019,-16.7339,22.04,83,0,4.12,GM,1674692570
490,boende,-0.2167,20.8667,22.22,79,78,1.39,CD,1674692571
491,pangody,65.85,74.4859,-19.01,99,64,3.92,RU,1674692572
492,mrakovo,52.7161,56.6244,-22.72,100,90,1.51,RU,1674692572
493,karratha,-20.7377,116.8463,31.29,55,59,4.89,AU,1674692573
494,vetluga,57.8557,45.781,-4.11,91,100,5.73,RU,1674692574
495,bohodukhiv,50.1647,35.5276,-3.13,52,0,2.31,UA,1674692575
496,gouvy,50.186,5.9392,-3.05,98,81,1.17,BE,1674692575
497,torma,58.8128,26.7383,1.47,97,100,5.01,EE,1674692576
498,hervey bay,-25.2986,152.8535,26.64,67,70,1.52,AU,1674692577
499,beringovskiy,63.05,179.3167,-24.98,87,4,4.52,RU,1674692577
500,kondoa,-4.9,35.7833,16.64,72,71,0.71,TZ,1674692578
501,sept-iles,50.2001,-66.3821,-15.0,62,20,3.09,CA,1674692521
502,anaconda,46.1285,-112.9423,-2.14,93,98,1.08,US,1674692579
503,ponta delgada,37.7333,-25.6667,15.4,72,75,7.72,PT,1674692580
504,khandyga,62.6667,135.6,-50.72,100,69,0.28,RU,1674692581
505,lata,40.1629,-8.3327,1.71,81,0,1.49,PT,1674692582
506,flic en flac,-20.2742,57.3631,24.31,92,100,4.8,MU,1674692583
507,kaputa,-8.4689,29.6619,19.31,88,100,0.75,ZM,1674692584
508,minsk,53.9,27.5667,-2.14,88,100,3.14,BY,1674692587
509,kununurra,-15.7667,128.7333,25.99,94,75,2.57,AU,1674692588
510,kayes,14.0,-11.0,27.89,13,89,2.98,ML,1674692589
511,kibala,9.1104,18.3463,19.97,73,0,0.0,TD,1674692590
512,abaza,52.655,90.0928,-13.82,85,100,2.97,RU,1674692590
513,itagi,-14.1628,-40.0061,22.62,95,89,1.24,BR,1674692591
514,algiers,36.7525,3.042,6.9,93,75,5.14,DZ,1674692592
515,hokitika,-42.7167,170.9667,19.23,74,94,3.76,NZ,1674692593
516,bapatla,15.9,80.4667,19.82,84,4,2.55,IN,1674692594
517,thoen,17.6129,99.2161,16.14,81,1,0.2,TH,1674692595
518,puri,19.8,85.85,17.29,74,5,1.85,IN,1674692595
519,vostok,46.4856,135.8833,-28.1,93,97,1.17,RU,1674692596
520,necochea,-38.5473,-58.7368,18.8,47,46,7.1,AR,1674692597
521,husavik,66.0449,-17.3389,-0.99,73,100,7.01,IS,1674692598
522,kodino,63.7198,39.6447,1.84,99,100,6.6,RU,1674692599
523,belle fourche,44.6714,-103.8522,0.73,66,100,8.93,US,1674692600
524,santa fe do sul,-20.2111,-50.9258,26.5,67,50,2.89,BR,1674692600
525,sangar,63.9242,127.4739,-48.61,99,45,0.92,RU,1674692602
526,kaeo,-35.1,173.7833,21.18,77,90,6.64,NZ,1674692603
527,vilhena,-12.7406,-60.1458,21.16,97,94,1.24,BR,1674692605
528,bahia honda,22.9036,-83.1592,24.2,79,21,3.77,CU,1674692606
529,cap malheureux,-19.9842,57.6142,23.59,90,100,1.34,MU,1674692607
530,srandakan,-7.9386,110.2506,24.95,89,100,2.59,ID,1674692607
531,caernarfon,53.1413,-4.2702,7.04,87,75,2.06,GB,1674692608
532,palu,-0.8917,119.8707,26.22,90,97,0.3,ID,1674692609
533,maraba,-5.3686,-49.1178,25.1,100,0,0.0,BR,1674692610
534,meulaboh,4.1363,96.1285,23.33,87,100,1.54,ID,1674692611
535,great yarmouth,52.6083,1.7305,6.14,88,89,9.46,GB,1674692611
536,show low,34.2542,-110.0298,-0.84,49,0,5.66,US,1674692317
537,destin,30.3935,-86.4958,16.0,69,0,6.26,US,1674692612
538,vila franca do campo,37.7167,-25.4333,15.23,82,84,6.79,PT,1674692613
539,avera,33.194,-82.5271,15.03,84,100,5.75,US,1674692613
540,orlovskiy,46.8714,42.0592,-3.37,49,0,4.53,RU,1674692614
541,chumikan,54.7183,135.315,-26.14,84,100,9.0,RU,1674692615
542,diu,20.7141,70.9822,14.09,36,3,4.71,IN,1674692515
543,coahuayana,18.7333,-103.6833,26.05,61,1,2.14,MX,1674692616
544,the valley,18.217,-63.0578,25.61,79,4,8.38,AI,1674692617
545,aykhal,66.0,111.5,-38.28,100,95,3.37,RU,1674692617
546,ryotsu,38.0833,138.4333,0.63,92,99,4.46,JP,1674692618
547,goiatuba,-18.0125,-49.3547,20.87,90,62,0.97,BR,1674692596
548,zhigalovo,54.8097,105.1578,-18.51,99,100,1.29,RU,1674692619
549,voh,-20.9667,164.7,30.83,67,10,1.59,NC,1674692620
550,sal rei,16.1833,-22.9167,20.93,71,93,3.3,CV,1674692620
551,port moresby,-9.4431,147.1797,29.68,70,75,2.57,PG,1674692621
